,rating,text_
0,4.0 out of 5 stars,valu money wireless mous ... decent qualiti price ...
1,3.0 out of 5 stars,i bought mous offic by observ silent button click feel premiumfew work perfectly.som develop wire mous cursor jump doubl click issuebatteri consumpt high duracel ultra finish within month.back cover fix properli sometim get open clean
2,3.0 out of 5 stars,i
3,4.0 out of 5 stars,the mouse small you mention babi mous it fell twice hand fix i order wire mous bigger size.go sleep sleep mode usesensor good
4,4.0 out of 5 stars,it 's good bad 's ok price point by way key good work good normal offic work 's built qualiti good ignor 's price also low ca n't get bluetooth mous price call good product üëç
5,3.0 out of 5 stars,goe sleet mode work person feel bad product bad softwar nver type problem earlier mous i use
6,3.0 out of 5 stars,pro save batteri shut automat use sever minut pc shut-down hibernation.con requir littl forc buttons- the extern plastic cheap qualiti the edg sharp place broken uneven.- the off-on button flimsi cheap feel might break use even cheap toy better switches.- if outer qualiti qualiti intern part anyon 's guess so product may last long.- the user pamphlet clearli 'wireless mous caution u 'bend kink cabl which cabl i wonder thi amazon i surpris consid con similar better qualiti wireless mous avail market lesser price
7,4.0 out of 5 stars,thi o vari nice product bast price
8,3.0 out of 5 stars,dislik mous smooth oper it need hard touch activ the mous like potron model logitech model work soft touch push
9,4.0 out of 5 stars,valu moneyveri silent comfort use
